{
    "logs": [
        {
            "outputFile": "C:\\Users\\USER\\AndroidStudioProjects\\TastyMilkyDelivery\\app\\build\\intermediates\\incremental\\mergeDebugResources\\merged.dir\\values-ldrtl-v17\\values-ldrtl-v17.xml",
            "map": [
                {
                    "source": "C:\\Users\\USER\\.gradle\\caches\\transforms-2\\files-2.1\\b4830525609e4b8bb972f1d8a37dc780\\material-1.3.0\\res\\values-ldrtl-v17\\values-ldrtl-v17.xml",
                    "from": {
                        "startLines": "2,3",
                        "startColumns": "4,4",
                        "startOffsets": "55,191",
                        "endColumns": "135,140",
                        "endOffsets": "186,327"
                    }
                }
            ]
        }
    ]
}