<?xml version="1.0" encoding="UTF-8"?>
<project version="4">
  <component name="AndroidLayouts">
    <shared>
      <config />
    </shared>
  </component>
  <component name="AutoImportSettings">
    <option name="autoReloadType" value="NONE" />
  </component>
  <component name="ChangeListManager">
    <list default="true" id="f7a53f69-244c-449f-96f4-8eb1d86f60a0" name="Default Changelist" comment="" />
    <option name="SHOW_DIALOG" value="false" />
    <option name="HIGHLIGHT_CONFLICTS" value="true" />
    <option name="HIGHLIGHT_NON_ACTIVE_CHANGELIST" value="false" />
    <option name="LAST_RESOLUTION" value="IGNORE" />
  </component>
  <component name="ExecutionTargetManager" SELECTED_TARGET="device_and_snapshot_combo_box_target[VirtualDevicePath@C:\Users\USER\.android\avd\Pixel_3a_API_30_x86.avd]" />
  <component name="ExternalProjectsData">
    <projectState path="$PROJECT_DIR$">
      <ProjectState />
    </projectState>
  </component>
  <component name="ExternalProjectsManager">
    <system id="GRADLE">
      <state>
        <projects_view>
          <tree_state>
            <expand>
              <path>
                <item name="" type="6a2764b6:ExternalProjectsStructure$RootNode" />
                <item name="Tasty Milky Delivery" type="f1a62948:ProjectNode" />
              </path>
              <path>
                <item name="" type="6a2764b6:ExternalProjectsStructure$RootNode" />
                <item name="Tasty Milky Delivery" type="f1a62948:ProjectNode" />
                <item name="app" type="2d1252cf:ModuleNode" />
              </path>
              <path>
                <item name="" type="6a2764b6:ExternalProjectsStructure$RootNode" />
                <item name="Tasty Milky Delivery" type="f1a62948:ProjectNode" />
                <item name="app" type="2d1252cf:ModuleNode" />
                <item name="Dependencies" type="6de06a37:ExternalSystemViewDefaultContributor$MyDependenciesNode" />
              </path>
            </expand>
            <select />
          </tree_state>
        </projects_view>
      </state>
    </system>
  </component>
  <component name="ProjectId" id="1sIOqyd1jwP8P65feElnhvPDpSC" />
  <component name="ProjectViewState">
    <option name="hideEmptyMiddlePackages" value="true" />
    <option name="showLibraryContents" value="true" />
  </component>
  <component name="PropertiesComponent">
    <property name="RunOnceActivity.OpenProjectViewOnStart" value="true" />
    <property name="last_opened_file_path" value="$PROJECT_DIR$" />
  </component>
  <component name="RecentsManager">
    <key name="android.template.699559471">
      <recent name="com.example.tastymilkydelivery" />
    </key>
  </component>
  <component name="RunManager">
    <configuration default="true" type="AndroidJUnit" factoryName="Android JUnit">
      <option name="TEST_OBJECT" value="class" />
      <option name="WORKING_DIRECTORY" value="$MODULE_DIR$" />
      <method v="2">
        <option name="Android.Gradle.BeforeRunTask" enabled="true" />
      </method>
    </configuration>
    <configuration name="app" type="AndroidRunConfigurationType" factoryName="Android App" activateToolWindowBeforeRun="false">
      <module name="Tasty_Milky_Delivery.app" />
      <option name="DEPLOY" value="true" />
      <option name="DEPLOY_APK_FROM_BUNDLE" value="false" />
      <option name="DEPLOY_AS_INSTANT" value="false" />
      <option name="ARTIFACT_NAME" value="" />
      <option name="PM_INSTALL_OPTIONS" value="" />
      <option name="ALL_USERS" value="false" />
      <option name="ALWAYS_INSTALL_WITH_PM" value="false" />
      <option name="DYNAMIC_FEATURES_DISABLED_LIST" value="" />
      <option name="ACTIVITY_EXTRA_FLAGS" value="" />
      <option name="MODE" value="default_activity" />
      <option name="CLEAR_LOGCAT" value="false" />
      <option name="SHOW_LOGCAT_AUTOMATICALLY" value="false" />
      <option name="SKIP_NOOP_APK_INSTALLATIONS" value="true" />
      <option name="FORCE_STOP_RUNNING_APP" value="true" />
      <option name="TARGET_SELECTION_MODE" value="DEVICE_AND_SNAPSHOT_COMBO_BOX" />
      <option name="SELECTED_CLOUD_MATRIX_CONFIGURATION_ID" value="-1" />
      <option name="SELECTED_CLOUD_MATRIX_PROJECT_ID" value="" />
      <option name="DEBUGGER_TYPE" value="Auto" />
      <Auto>
        <option name="USE_JAVA_AWARE_DEBUGGER" value="false" />
        <option name="SHOW_STATIC_VARS" value="true" />
        <option name="WORKING_DIR" value="" />
        <option name="TARGET_LOGGING_CHANNELS" value="lldb process:gdb-remote packets" />
        <option name="SHOW_OPTIMIZED_WARNING" value="true" />
      </Auto>
      <Hybrid>
        <option name="USE_JAVA_AWARE_DEBUGGER" value="false" />
        <option name="SHOW_STATIC_VARS" value="true" />
        <option name="WORKING_DIR" value="" />
        <option name="TARGET_LOGGING_CHANNELS" value="lldb process:gdb-remote packets" />
        <option name="SHOW_OPTIMIZED_WARNING" value="true" />
      </Hybrid>
      <Java />
      <Native>
        <option name="USE_JAVA_AWARE_DEBUGGER" value="false" />
        <option name="SHOW_STATIC_VARS" value="true" />
        <option name="WORKING_DIR" value="" />
        <option name="TARGET_LOGGING_CHANNELS" value="lldb process:gdb-remote packets" />
        <option name="SHOW_OPTIMIZED_WARNING" value="true" />
      </Native>
      <Profilers>
        <option name="ADVANCED_PROFILING_ENABLED" value="false" />
        <option name="STARTUP_PROFILING_ENABLED" value="false" />
        <option name="STARTUP_CPU_PROFILING_ENABLED" value="false" />
        <option name="STARTUP_CPU_PROFILING_CONFIGURATION_NAME" value="Sample Java Methods" />
        <option name="STARTUP_NATIVE_MEMORY_PROFILING_ENABLED" value="false" />
        <option name="NATIVE_MEMORY_SAMPLE_RATE_BYTES" value="2048" />
      </Profilers>
      <option name="DEEP_LINK" value="" />
      <option name="ACTIVITY_CLASS" value="" />
      <option name="SEARCH_ACTIVITY_IN_GLOBAL_SCOPE" value="false" />
      <option name="SKIP_ACTIVITY_VALIDATION" value="false" />
      <method v="2">
        <option name="Android.Gradle.BeforeRunTask" enabled="true" />
      </method>
    </configuration>
  </component>
  <component name="SpellCheckerSettings" RuntimeDictionaries="0" Folders="0" CustomDictionaries="0" DefaultDictionary="application-level" UseSingleDictionary="true" transferred="true" />
  <component name="TaskManager">
    <task active="true" id="Default" summary="Default task">
      <changelist id="f7a53f69-244c-449f-96f4-8eb1d86f60a0" name="Default Changelist" comment="" />
      <created>1620556831382</created>
      <option name="number" value="Default" />
      <option name="presentableId" value="Default" />
      <updated>1620556831382</updated>
    </task>
    <servers />
  </component>
  <component name="WindowStateProjectService">
    <state x="137" y="19" key="#com.intellij.execution.impl.EditConfigurationsDialog" timestamp="1620561781339">
      <screen x="0" y="0" width="1366" height="728" />
    </state>
    <state x="137" y="19" key="#com.intellij.execution.impl.EditConfigurationsDialog/0.0.1366.728@0.0.1366.728" timestamp="1620561781339" />
    <state x="463" y="119" key="FileChooserDialogImpl" timestamp="1620571466123">
      <screen x="0" y="0" width="1366" height="728" />
    </state>
    <state x="463" y="119" key="FileChooserDialogImpl/0.0.1366.728@0.0.1366.728" timestamp="1620571466123" />
    <state width="1286" height="163" key="GridCell.Tab.0.bottom" timestamp="1620571566636">
      <screen x="0" y="0" width="1366" height="728" />
    </state>
    <state width="1286" height="163" key="GridCell.Tab.0.bottom/0.0.1366.728@0.0.1366.728" timestamp="1620571566636" />
    <state width="1286" height="163" key="GridCell.Tab.0.center" timestamp="1620571566636">
      <screen x="0" y="0" width="1366" height="728" />
    </state>
    <state width="1286" height="163" key="GridCell.Tab.0.center/0.0.1366.728@0.0.1366.728" timestamp="1620571566636" />
    <state width="1286" height="163" key="GridCell.Tab.0.left" timestamp="1620571566636">
      <screen x="0" y="0" width="1366" height="728" />
    </state>
    <state width="1286" height="163" key="GridCell.Tab.0.left/0.0.1366.728@0.0.1366.728" timestamp="1620571566636" />
    <state width="1286" height="163" key="GridCell.Tab.0.right" timestamp="1620571566636">
      <screen x="0" y="0" width="1366" height="728" />
    </state>
    <state width="1286" height="163" key="GridCell.Tab.0.right/0.0.1366.728@0.0.1366.728" timestamp="1620571566636" />
  </component>
</project>