<?xml version="1.0" encoding="UTF-8"?>
<project version="4">
  <component name="navEditor-manualLayoutAlgorithm2">
    <option name="myPositions">
      <map>
        <entry key="mobile_navigation.xml">
          <value>
            <LayoutPositions>
              <option name="myPositions">
                <map>
                  <entry key="nav_gallery">
                    <value>
                      <LayoutPositions>
                        <option name="myPosition">
                          <Point>
                            <option name="x" value="256" />
                            <option name="y" value="12" />
                          </Point>
                        </option>
                      </LayoutPositions>
                    </value>
                  </entry>
                  <entry key="nav_home">
                    <value>
                      <LayoutPositions>
                        <option name="myPosition">
                          <Point>
                            <option name="x" value="12" />
                            <option name="y" value="12" />
                          </Point>
                        </option>
                      </LayoutPositions>
                    </value>
                  </entry>
                  <entry key="nav_slideshow">
                    <value>
                      <LayoutPositions>
                        <option name="myPosition">
                          <Point>
                            <option name="x" value="12" />
                            <option name="y" value="368" />
                          </Point>
                        </option>
                      </LayoutPositions>
                    </value>
                  </entry>
                </map>
              </option>
            </LayoutPositions>
          </value>
        </entry>
      </map>
    </option>
  </component>
</project>