<component name="libraryTable">
  <library name="Gradle: androidx.lifecycle:lifecycle-viewmodel-savedstate:2.2.0@aar">
    <CLASSES>
      <root url="jar://$USER_HOME$/.gradle/caches/transforms-2/files-2.1/f4cb9c7d93882f34a3725527850d73a1/lifecycle-viewmodel-savedstate-2.2.0/jars/classes.jar!/" />
      <root url="file://$USER_HOME$/.gradle/caches/transforms-2/files-2.1/f4cb9c7d93882f34a3725527850d73a1/lifecycle-viewmodel-savedstate-2.2.0/res" />
      <root url="file://$USER_HOME$/.gradle/caches/transforms-2/files-2.1/f4cb9c7d93882f34a3725527850d73a1/lifecycle-viewmodel-savedstate-2.2.0/AndroidManifest.xml" />
    </CLASSES>
    <JAVADOC />
    <SOURCES>
      <root url="jar://$USER_HOME$/.gradle/caches/modules-2/files-2.1/androidx.lifecycle/lifecycle-viewmodel-savedstate/2.2.0/32a6c5006bb0f1315da92589f3598355b838c5cf/lifecycle-viewmodel-savedstate-2.2.0-sources.jar!/" />
    </SOURCES>
  </library>
</component>