<component name="libraryTable">
  <library name="Gradle: org.jetbrains.kotlinx:kotlinx-coroutines-android:1.3.0">
    <CLASSES>
      <root url="jar://$USER_HOME$/.gradle/caches/modules-2/files-2.1/org.jetbrains.kotlinx/kotlinx-coroutines-android/1.3.0/804a29e0b22cfb30e04487574ad1cb888daa716d/kotlinx-coroutines-android-1.3.0.jar!/" />
    </CLASSES>
    <JAVADOC>
      <root url="jar://$USER_HOME$/.gradle/caches/modules-2/files-2.1/org.jetbrains.kotlinx/kotlinx-coroutines-android/1.3.0/a5b6897df3209e45430a0ee9cd88ec395737d302/kotlinx-coroutines-android-1.3.0-javadoc.jar!/" />
    </JAVADOC>
    <SOURCES>
      <root url="jar://$USER_HOME$/.gradle/caches/modules-2/files-2.1/org.jetbrains.kotlinx/kotlinx-coroutines-android/1.3.0/392fb03efbcff9124afe8aaa460a00aa2247880/kotlinx-coroutines-android-1.3.0-sources.jar!/" />
    </SOURCES>
  </library>
</component>