[
    {
        "merged": "C:\\Users\\USER\\AndroidStudioProjects\\TastyMilkyDelivery\\app\\build\\intermediates\\res\\merged\\debug\\layout_nav_header_main2.xml.flat",
        "source": "C:\\Users\\USER\\AndroidStudioProjects\\TastyMilkyDelivery\\app\\src\\main\\res\\layout\\nav_header_main2.xml"
    },
    {
        "merged": "C:\\Users\\USER\\AndroidStudioProjects\\TastyMilkyDelivery\\app\\build\\intermediates\\res\\merged\\debug\\drawable-xxhdpi_ic_launcher_background.png.flat",
        "source": "C:\\Users\\USER\\AndroidStudioProjects\\TastyMilkyDelivery\\app\\build\\generated\\res\\pngs\\debug\\drawable-xxhdpi\\ic_launcher_background.png"
    },
    {
        "merged": "C:\\Users\\USER\\AndroidStudioProjects\\TastyMilkyDelivery\\app\\build\\intermediates\\res\\merged\\debug\\drawable-anydpi-v21_ic_menu_camera.xml.flat",
        "source": "C:\\Users\\USER\\AndroidStudioProjects\\TastyMilkyDelivery\\app\\build\\generated\\res\\pngs\\debug\\drawable-anydpi-v21\\ic_menu_camera.xml"
    },
    {
        "merged": "C:\\Users\\USER\\AndroidStudioProjects\\TastyMilkyDelivery\\app\\build\\intermediates\\res\\merged\\debug\\drawable-mdpi_ic_launcher_background.png.flat",
        "source": "C:\\Users\\USER\\AndroidStudioProjects\\TastyMilkyDelivery\\app\\build\\generated\\res\\pngs\\debug\\drawable-mdpi\\ic_launcher_background.png"
    },
    {
        "merged": "C:\\Users\\USER\\AndroidStudioProjects\\TastyMilkyDelivery\\app\\build\\intermediates\\res\\merged\\debug\\drawable-hdpi_ic_launcher_background.png.flat",
        "source": "C:\\Users\\USER\\AndroidStudioProjects\\TastyMilkyDelivery\\app\\build\\generated\\res\\pngs\\debug\\drawable-hdpi\\ic_launcher_background.png"
    },
    {
        "merged": "C:\\Users\\USER\\AndroidStudioProjects\\TastyMilkyDelivery\\app\\build\\intermediates\\res\\merged\\debug\\mipmap-anydpi-v26_ic_launcher.xml.flat",
        "source": "C:\\Users\\USER\\AndroidStudioProjects\\TastyMilkyDelivery\\app\\src\\main\\res\\mipmap-anydpi-v26\\ic_launcher.xml"
    },
    {
        "merged": "C:\\Users\\USER\\AndroidStudioProjects\\TastyMilkyDelivery\\app\\build\\intermediates\\res\\merged\\debug\\drawable-anydpi-v21_ic_launcher_background.xml.flat",
        "source": "C:\\Users\\USER\\AndroidStudioProjects\\TastyMilkyDelivery\\app\\build\\generated\\res\\pngs\\debug\\drawable-anydpi-v21\\ic_launcher_background.xml"
    },
    {
        "merged": "C:\\Users\\USER\\AndroidStudioProjects\\TastyMilkyDelivery\\app\\build\\intermediates\\res\\merged\\debug\\navigation_mobile_navigation.xml.flat",
        "source": "C:\\Users\\USER\\AndroidStudioProjects\\TastyMilkyDelivery\\app\\src\\main\\res\\navigation\\mobile_navigation.xml"
    },
    {
        "merged": "C:\\Users\\USER\\AndroidStudioProjects\\TastyMilkyDelivery\\app\\build\\intermediates\\res\\merged\\debug\\layout_activity_milky.xml.flat",
        "source": "C:\\Users\\USER\\AndroidStudioProjects\\TastyMilkyDelivery\\app\\src\\main\\res\\layout\\activity_milky.xml"
    },
    {
        "merged": "C:\\Users\\USER\\AndroidStudioProjects\\TastyMilkyDelivery\\app\\build\\intermediates\\res\\merged\\debug\\menu_activity_main2_drawer.xml.flat",
        "source": "C:\\Users\\USER\\AndroidStudioProjects\\TastyMilkyDelivery\\app\\src\\main\\res\\menu\\activity_main2_drawer.xml"
    },
    {
        "merged": "C:\\Users\\USER\\AndroidStudioProjects\\TastyMilkyDelivery\\app\\build\\intermediates\\res\\merged\\debug\\drawable_ce.jpeg.flat",
        "source": "C:\\Users\\USER\\AndroidStudioProjects\\TastyMilkyDelivery\\app\\src\\main\\res\\drawable\\ce.jpeg"
    },
    {
        "merged": "C:\\Users\\USER\\AndroidStudioProjects\\TastyMilkyDelivery\\app\\build\\intermediates\\res\\merged\\debug\\mipmap-xxxhdpi_ic_launcher_foreground.png.flat",
        "source": "C:\\Users\\USER\\AndroidStudioProjects\\TastyMilkyDelivery\\app\\src\\main\\res\\mipmap-xxxhdpi\\ic_launcher_foreground.png"
    },
    {
        "merged": "C:\\Users\\USER\\AndroidStudioProjects\\TastyMilkyDelivery\\app\\build\\intermediates\\res\\merged\\debug\\drawable_side_nav_bar.xml.flat",
        "source": "C:\\Users\\USER\\AndroidStudioProjects\\TastyMilkyDelivery\\app\\src\\main\\res\\drawable\\side_nav_bar.xml"
    },
    {
        "merged": "C:\\Users\\USER\\AndroidStudioProjects\\TastyMilkyDelivery\\app\\build\\intermediates\\res\\merged\\debug\\drawable-xxxhdpi_ic_launcher_background.png.flat",
        "source": "C:\\Users\\USER\\AndroidStudioProjects\\TastyMilkyDelivery\\app\\build\\generated\\res\\pngs\\debug\\drawable-xxxhdpi\\ic_launcher_background.png"
    },
    {
        "merged": "C:\\Users\\USER\\AndroidStudioProjects\\TastyMilkyDelivery\\app\\build\\intermediates\\res\\merged\\debug\\drawable-xhdpi_ic_launcher_background.png.flat",
        "source": "C:\\Users\\USER\\AndroidStudioProjects\\TastyMilkyDelivery\\app\\build\\generated\\res\\pngs\\debug\\drawable-xhdpi\\ic_launcher_background.png"
    },
    {
        "merged": "C:\\Users\\USER\\AndroidStudioProjects\\TastyMilkyDelivery\\app\\build\\intermediates\\res\\merged\\debug\\drawable-anydpi-v24_ic_launcher_foreground.xml.flat",
        "source": "C:\\Users\\USER\\AndroidStudioProjects\\TastyMilkyDelivery\\app\\build\\generated\\res\\pngs\\debug\\drawable-anydpi-v24\\ic_launcher_foreground.xml"
    },
    {
        "merged": "C:\\Users\\USER\\AndroidStudioProjects\\TastyMilkyDelivery\\app\\build\\intermediates\\res\\merged\\debug\\drawable_lc.jpeg.flat",
        "source": "C:\\Users\\USER\\AndroidStudioProjects\\TastyMilkyDelivery\\app\\src\\main\\res\\drawable\\lc.jpeg"
    },
    {
        "merged": "C:\\Users\\USER\\AndroidStudioProjects\\TastyMilkyDelivery\\app\\build\\intermediates\\res\\merged\\debug\\mipmap-mdpi_ic_launcher_foreground.png.flat",
        "source": "C:\\Users\\USER\\AndroidStudioProjects\\TastyMilkyDelivery\\app\\src\\main\\res\\mipmap-mdpi\\ic_launcher_foreground.png"
    },
    {
        "merged": "C:\\Users\\USER\\AndroidStudioProjects\\TastyMilkyDelivery\\app\\build\\intermediates\\res\\merged\\debug\\layout_activity_main2.xml.flat",
        "source": "C:\\Users\\USER\\AndroidStudioProjects\\TastyMilkyDelivery\\app\\src\\main\\res\\layout\\activity_main2.xml"
    },
    {
        "merged": "C:\\Users\\USER\\AndroidStudioProjects\\TastyMilkyDelivery\\app\\build\\intermediates\\res\\merged\\debug\\drawable_mc.jpeg.flat",
        "source": "C:\\Users\\USER\\AndroidStudioProjects\\TastyMilkyDelivery\\app\\src\\main\\res\\drawable\\mc.jpeg"
    },
    {
        "merged": "C:\\Users\\USER\\AndroidStudioProjects\\TastyMilkyDelivery\\app\\build\\intermediates\\res\\merged\\debug\\mipmap-hdpi_ic_launcher_foreground.png.flat",
        "source": "C:\\Users\\USER\\AndroidStudioProjects\\TastyMilkyDelivery\\app\\src\\main\\res\\mipmap-hdpi\\ic_launcher_foreground.png"
    },
    {
        "merged": "C:\\Users\\USER\\AndroidStudioProjects\\TastyMilkyDelivery\\app\\build\\intermediates\\res\\merged\\debug\\drawable-ldpi_ic_launcher_background.png.flat",
        "source": "C:\\Users\\USER\\AndroidStudioProjects\\TastyMilkyDelivery\\app\\build\\generated\\res\\pngs\\debug\\drawable-ldpi\\ic_launcher_background.png"
    },
    {
        "merged": "C:\\Users\\USER\\AndroidStudioProjects\\TastyMilkyDelivery\\app\\build\\intermediates\\res\\merged\\debug\\layout_fragment_home.xml.flat",
        "source": "C:\\Users\\USER\\AndroidStudioProjects\\TastyMilkyDelivery\\app\\src\\main\\res\\layout\\fragment_home.xml"
    },
    {
        "merged": "C:\\Users\\USER\\AndroidStudioProjects\\TastyMilkyDelivery\\app\\build\\intermediates\\res\\merged\\debug\\layout_activity_main.xml.flat",
        "source": "C:\\Users\\USER\\AndroidStudioProjects\\TastyMilkyDelivery\\app\\src\\main\\res\\layout\\activity_main.xml"
    },
    {
        "merged": "C:\\Users\\USER\\AndroidStudioProjects\\TastyMilkyDelivery\\app\\build\\intermediates\\res\\merged\\debug\\layout_app_bar_main2.xml.flat",
        "source": "C:\\Users\\USER\\AndroidStudioProjects\\TastyMilkyDelivery\\app\\src\\main\\res\\layout\\app_bar_main2.xml"
    },
    {
        "merged": "C:\\Users\\USER\\AndroidStudioProjects\\TastyMilkyDelivery\\app\\build\\intermediates\\res\\merged\\debug\\layout_fragment_slideshow.xml.flat",
        "source": "C:\\Users\\USER\\AndroidStudioProjects\\TastyMilkyDelivery\\app\\src\\main\\res\\layout\\fragment_slideshow.xml"
    },
    {
        "merged": "C:\\Users\\USER\\AndroidStudioProjects\\TastyMilkyDelivery\\app\\build\\intermediates\\res\\merged\\debug\\layout_fragment_gallery.xml.flat",
        "source": "C:\\Users\\USER\\AndroidStudioProjects\\TastyMilkyDelivery\\app\\src\\main\\res\\layout\\fragment_gallery.xml"
    },
    {
        "merged": "C:\\Users\\USER\\AndroidStudioProjects\\TastyMilkyDelivery\\app\\build\\intermediates\\res\\merged\\debug\\mipmap-anydpi-v26_ic_launcher_round.xml.flat",
        "source": "C:\\Users\\USER\\AndroidStudioProjects\\TastyMilkyDelivery\\app\\src\\main\\res\\mipmap-anydpi-v26\\ic_launcher_round.xml"
    },
    {
        "merged": "C:\\Users\\USER\\AndroidStudioProjects\\TastyMilkyDelivery\\app\\build\\intermediates\\res\\merged\\debug\\drawable_ac.jpeg.flat",
        "source": "C:\\Users\\USER\\AndroidStudioProjects\\TastyMilkyDelivery\\app\\src\\main\\res\\drawable\\ac.jpeg"
    },
    {
        "merged": "C:\\Users\\USER\\AndroidStudioProjects\\TastyMilkyDelivery\\app\\build\\intermediates\\res\\merged\\debug\\mipmap-xxhdpi_ic_launcher_foreground.png.flat",
        "source": "C:\\Users\\USER\\AndroidStudioProjects\\TastyMilkyDelivery\\app\\src\\main\\res\\mipmap-xxhdpi\\ic_launcher_foreground.png"
    },
    {
        "merged": "C:\\Users\\USER\\AndroidStudioProjects\\TastyMilkyDelivery\\app\\build\\intermediates\\res\\merged\\debug\\layout_content_main2.xml.flat",
        "source": "C:\\Users\\USER\\AndroidStudioProjects\\TastyMilkyDelivery\\app\\src\\main\\res\\layout\\content_main2.xml"
    },
    {
        "merged": "C:\\Users\\USER\\AndroidStudioProjects\\TastyMilkyDelivery\\app\\build\\intermediates\\res\\merged\\debug\\drawable-anydpi-v21_ic_menu_gallery.xml.flat",
        "source": "C:\\Users\\USER\\AndroidStudioProjects\\TastyMilkyDelivery\\app\\build\\generated\\res\\pngs\\debug\\drawable-anydpi-v21\\ic_menu_gallery.xml"
    },
    {
        "merged": "C:\\Users\\USER\\AndroidStudioProjects\\TastyMilkyDelivery\\app\\build\\intermediates\\res\\merged\\debug\\drawable-anydpi-v21_ic_menu_slideshow.xml.flat",
        "source": "C:\\Users\\USER\\AndroidStudioProjects\\TastyMilkyDelivery\\app\\build\\generated\\res\\pngs\\debug\\drawable-anydpi-v21\\ic_menu_slideshow.xml"
    },
    {
        "merged": "C:\\Users\\USER\\AndroidStudioProjects\\TastyMilkyDelivery\\app\\build\\intermediates\\res\\merged\\debug\\mipmap-xhdpi_ic_launcher_foreground.png.flat",
        "source": "C:\\Users\\USER\\AndroidStudioProjects\\TastyMilkyDelivery\\app\\src\\main\\res\\mipmap-xhdpi\\ic_launcher_foreground.png"
    },
    {
        "merged": "C:\\Users\\USER\\AndroidStudioProjects\\TastyMilkyDelivery\\app\\build\\intermediates\\res\\merged\\debug\\menu_main2.xml.flat",
        "source": "C:\\Users\\USER\\AndroidStudioProjects\\TastyMilkyDelivery\\app\\src\\main\\res\\menu\\main2.xml"
    }
]