<component name="libraryTable">
  <library name="Gradle: androidx.lifecycle:lifecycle-livedata-core-ktx:2.2.0@aar">
    <CLASSES>
      <root url="jar://$USER_HOME$/.gradle/caches/transforms-2/files-2.1/df4c86c718ca69703391ec61d05fa145/lifecycle-livedata-core-ktx-2.2.0/jars/classes.jar!/" />
      <root url="file://$USER_HOME$/.gradle/caches/transforms-2/files-2.1/df4c86c718ca69703391ec61d05fa145/lifecycle-livedata-core-ktx-2.2.0/res" />
      <root url="file://$USER_HOME$/.gradle/caches/transforms-2/files-2.1/df4c86c718ca69703391ec61d05fa145/lifecycle-livedata-core-ktx-2.2.0/AndroidManifest.xml" />
    </CLASSES>
    <JAVADOC />
    <SOURCES>
      <root url="jar://$USER_HOME$/.gradle/caches/modules-2/files-2.1/androidx.lifecycle/lifecycle-livedata-core-ktx/2.2.0/7aa8d50b21a293f7a525ec84869c421a963b0188/lifecycle-livedata-core-ktx-2.2.0-sources.jar!/" />
    </SOURCES>
  </library>
</component>