{
    "logs": [
        {
            "outputFile": "C:\\Users\\USER\\AndroidStudioProjects\\TastyMilkyDelivery\\app\\build\\intermediates\\incremental\\mergeDebugResources\\merged.dir\\values-v18\\values-v18.xml",
            "map": [
                {
                    "source": "C:\\Users\\USER\\.gradle\\caches\\transforms-2\\files-2.1\\aee462275766ea11fd05a9119c668fe0\\appcompat-1.2.0\\res\\values-v18\\values-v18.xml",
                    "from": {
                        "startLines": "2",
                        "startColumns": "4",
                        "startOffsets": "55",
                        "endColumns": "48",
                        "endOffsets": "99"
                    }
                }
            ]
        }
    ]
}