{
    "logs": [
        {
            "outputFile": "C:\\Users\\USER\\AndroidStudioProjects\\TastyMilkyDelivery\\app\\build\\intermediates\\incremental\\mergeDebugResources\\merged.dir\\values-w360dp-port-v13\\values-w360dp-port-v13.xml",
            "map": [
                {
                    "source": "C:\\Users\\USER\\.gradle\\caches\\transforms-2\\files-2.1\\b4830525609e4b8bb972f1d8a37dc780\\material-1.3.0\\res\\values-w360dp-port-v13\\values-w360dp-port-v13.xml",
                    "from": {
                        "startLines": "2,3,4,5,6,7,8,9",
                        "startColumns": "4,4,4,4,4,4,4,4",
                        "startOffsets": "55,114,170,226,293,358,413,478",
                        "endColumns": "58,55,55,66,64,54,64,68",
                        "endOffsets": "109,165,221,288,353,408,473,542"
                    }
                }
            ]
        }
    ]
}