{
    "logs": [
        {
            "outputFile": "C:\\Users\\USER\\AndroidStudioProjects\\TastyMilkyDelivery\\app\\build\\intermediates\\incremental\\mergeDebugResources\\merged.dir\\values-w550dp-land-v13\\values-w550dp-land-v13.xml",
            "map": [
                {
                    "source": "C:\\Users\\USER\\.gradle\\caches\\transforms-2\\files-2.1\\b4830525609e4b8bb972f1d8a37dc780\\material-1.3.0\\res\\values-w550dp-land-v13\\values-w550dp-land-v13.xml",
                    "from": {
                        "startLines": "2",
                        "startColumns": "4",
                        "startOffsets": "55",
                        "endColumns": "51",
                        "endOffsets": "102"
                    }
                }
            ]
        }
    ]
}