<component name="libraryTable">
  <library name="Gradle: androidx.navigation:navigation-common:2.3.0@aar">
    <CLASSES>
      <root url="jar://$USER_HOME$/.gradle/caches/transforms-2/files-2.1/04881717463055ead4d0db040e0b3634/navigation-common-2.3.0/jars/classes.jar!/" />
      <root url="file://$USER_HOME$/.gradle/caches/transforms-2/files-2.1/04881717463055ead4d0db040e0b3634/navigation-common-2.3.0/res" />
      <root url="file://$USER_HOME$/.gradle/caches/transforms-2/files-2.1/04881717463055ead4d0db040e0b3634/navigation-common-2.3.0/AndroidManifest.xml" />
    </CLASSES>
    <JAVADOC />
    <SOURCES>
      <root url="jar://$USER_HOME$/.gradle/caches/modules-2/files-2.1/androidx.navigation/navigation-common/2.3.0/beb9fbe0140b8f849e75de79dec967712251984/navigation-common-2.3.0-sources.jar!/" />
    </SOURCES>
  </library>
</component>