<component name="libraryTable">
  <library name="Gradle: androidx.customview:customview:1.1.0@aar">
    <CLASSES>
      <root url="jar://$USER_HOME$/.gradle/caches/transforms-2/files-2.1/b4d6f16b2a41a056339edacecc5d0880/customview-1.1.0/jars/classes.jar!/" />
      <root url="file://$USER_HOME$/.gradle/caches/transforms-2/files-2.1/b4d6f16b2a41a056339edacecc5d0880/customview-1.1.0/res" />
      <root url="file://$USER_HOME$/.gradle/caches/transforms-2/files-2.1/b4d6f16b2a41a056339edacecc5d0880/customview-1.1.0/AndroidManifest.xml" />
    </CLASSES>
    <JAVADOC />
    <SOURCES>
      <root url="jar://$USER_HOME$/.gradle/caches/modules-2/files-2.1/androidx.customview/customview/1.1.0/be631aafb1eb3f64c9cc57083a21a3321cf2e2e1/customview-1.1.0-sources.jar!/" />
    </SOURCES>
  </library>
</component>