<component name="libraryTable">
  <library name="Gradle: androidx.databinding:viewbinding:4.2.0@aar">
    <CLASSES>
      <root url="jar://$USER_HOME$/.gradle/caches/transforms-2/files-2.1/465d783f90737306ac5dbdd240d104f2/viewbinding-4.2.0/jars/classes.jar!/" />
      <root url="file://$USER_HOME$/.gradle/caches/transforms-2/files-2.1/465d783f90737306ac5dbdd240d104f2/viewbinding-4.2.0/res" />
      <root url="file://$USER_HOME$/.gradle/caches/transforms-2/files-2.1/465d783f90737306ac5dbdd240d104f2/viewbinding-4.2.0/AndroidManifest.xml" />
    </CLASSES>
    <JAVADOC />
    <SOURCES>
      <root url="jar://$USER_HOME$/.gradle/caches/modules-2/files-2.1/androidx.databinding/viewbinding/4.2.0/96e718eaa45095b41c48c82eb3bb3b5237e6f828/viewbinding-4.2.0-sources.jar!/" />
    </SOURCES>
  </library>
</component>