{
    "logs": [
        {
            "outputFile": "C:\\Users\\USER\\AndroidStudioProjects\\TastyMilkyDelivery\\app\\build\\intermediates\\incremental\\mergeDebugResources\\merged.dir\\values-large-v4\\values-large-v4.xml",
            "map": [
                {
                    "source": "C:\\Users\\USER\\.gradle\\caches\\transforms-2\\files-2.1\\aee462275766ea11fd05a9119c668fe0\\appcompat-1.2.0\\res\\values-large-v4\\values-large-v4.xml",
                    "from": {
                        "startLines": "2,3,4,5,6,7,8,9,10",
                        "startColumns": "4,4,4,4,4,4,4,4,4",
                        "startOffsets": "55,114,185,256,326,396,464,532,636",
                        "endColumns": "58,70,70,69,69,67,67,103,115",
                        "endOffsets": "109,180,251,321,391,459,527,631,747"
                    }
                },
                {
                    "source": "C:\\Users\\USER\\.gradle\\caches\\transforms-2\\files-2.1\\b4830525609e4b8bb972f1d8a37dc780\\material-1.3.0\\res\\values-large-v4\\values-large-v4.xml",
                    "from": {
                        "startLines": "2,3",
                        "startColumns": "4,4",
                        "startOffsets": "55,177",
                        "endColumns": "121,133",
                        "endOffsets": "172,306"
                    },
                    "to": {
                        "startLines": "11,12",
                        "startColumns": "4,4",
                        "startOffsets": "752,874",
                        "endColumns": "121,133",
                        "endOffsets": "869,1003"
                    }
                }
            ]
        }
    ]
}