<component name="libraryTable">
  <library name="Gradle: org.jetbrains.kotlinx:kotlinx-coroutines-core:1.3.0">
    <CLASSES>
      <root url="jar://$USER_HOME$/.gradle/caches/modules-2/files-2.1/org.jetbrains.kotlinx/kotlinx-coroutines-core/1.3.0/36fa8555d92456448ec19e64b00be830df9a7fb5/kotlinx-coroutines-core-1.3.0.jar!/" />
    </CLASSES>
    <JAVADOC>
      <root url="jar://$USER_HOME$/.gradle/caches/modules-2/files-2.1/org.jetbrains.kotlinx/kotlinx-coroutines-core/1.3.0/8fdb244b797a9318128367d854452bf9db99c417/kotlinx-coroutines-core-1.3.0-javadoc.jar!/" />
    </JAVADOC>
    <SOURCES>
      <root url="jar://$USER_HOME$/.gradle/caches/modules-2/files-2.1/org.jetbrains.kotlinx/kotlinx-coroutines-core/1.3.0/23a4e24d487cf4838494193e8bbf52f332006557/kotlinx-coroutines-core-1.3.0-sources.jar!/" />
    </SOURCES>
  </library>
</component>